Date,RSI,ATR,ADX,MACD
2024-12-02,40.3857,4.768,19.6787,-3.573400000000021
2024-11-29,37.2501,4.7009,20.3885,-4.098800000000011
2024-11-27,38.3229,4.8464,19.9626,-4.213099999999997
2024-11-26,45.0343,4.8361,19.3064,-4.2017999999999915
2024-11-25,41.3627,4.7327,19.2563,-4.276999999999987
2024-11-22,35.2398,4.7891,19.6916,-4.657999999999987
2024-11-21,36.9753,4.9967,19.2135,-4.7934999999999945
2024-11-20,37.0757,4.9696,18.6988,-4.809100000000001
2024-11-19,34.2195,4.9449,18.2368,-4.77030000000002
2024-11-18,34.9562,5.1245,18.0151,-4.833600000000018
2024-11-15,32.1381,5.0572,17.7876,-4.797300000000007
2024-11-14,35.4757,5.047,16.6453,-4.27079999999998
2024-11-13,37.9236,5.2167,16.1475,-3.937899999999985
2024-11-12,42.385,5.2011,15.6932,-3.502600000000001
2024-11-11,42.8143,5.1473,15.6031,-3.3368999999999858
2024-11-08,45.0558,5.2617,16.0905,-3.4555999999999756
2024-11-07,41.202,5.4215,17.1091,-3.617999999999995
2024-11-06,38.6513,5.4524,18.087,-3.9630000000000223
2024-11-05,34.0275,5.556,18.184,-3.8651000000000124
2024-11-04,33.6573,5.8011,17.6883,-3.3336999999999932
2024-11-01,35.7862,5.9458,17.1545,-2.5101999999999975
2024-10-31,38.5637,6.1555,16.7974,-1.5397999999999854
2024-10-30,43.4154,6.2174,16.6885,-0.5037000000000091
2024-10-29,53.0364,5.2995,17.2777,0.3649000000000058
2024-10-28,49.7107,5.048,17.1276,-0.3289999999999793
2024-10-25,45.4324,5.1247,18.4444,-0.5653999999999826
2024-10-24,44.4989,5.0982,19.5259,-0.4831000000000074
2024-10-23,42.0731,5.2719,19.6951,-0.08699999999998909
2024-10-22,45.9299,5.4028,19.3622,0.4738000000000113
2024-10-21,44.8342,5.3576,19.2614,1.0626000000000033
2024-10-18,46.5549,5.4736,19.5837,1.4106999999999914
2024-10-17,49.3135,5.7062,20.2121,2.0309000000000026
2024-10-16,47.1523,5.8136,21.0148,2.764499999999998
2024-10-15,52.7205,6.002,21.3601,3.6728999999999985
2024-10-14,58.408,5.7306,21.8749,4.727000000000004
2024-10-11,54.8523,5.883,22.6571,5.124899999999997
2024-10-10,62.5773,5.8479,23.4995,5.291500000000013
2024-10-09,69.579,5.5277,24.4067,5.805000000000007
2024-10-08,67.7845,5.6067,23.2549,5.679399999999987
2024-10-07,67.2621,5.7611,22.0793,5.255400000000009
2024-10-04,63.5361,5.8812,20.9804,4.823999999999984
2024-10-03,56.6637,5.6905,19.9646,4.210399999999993
2024-10-02,56.2145,5.5598,19.5419,4.185599999999994
2024-10-01,64.2022,5.6467,19.7434,4.405599999999993
2024-09-30,62.8954,5.5179,19.9604,4.625399999999985
2024-09-27,70.4778,5.7193,19.0854,4.397700000000015
2024-09-26,70.1536,5.7755,17.683,4.0157999999999845
2024-09-25,62.445,5.7075,16.0832,3.1502000000000123
2024-09-24,61.3172,5.7796,15.1657,2.556299999999993
2024-09-23,60.235,5.835,14.7341,2.1380000000000052
2024-09-20,59.7768,6.113,14.7213,1.7327999999999975
2024-09-19,57.5415,6.2002,14.7076,1.2719000000000165
2024-09-18,54.4158,5.834,14.623,0.584699999999998
2024-09-17,58.0281,5.9128,15.7389,0.5593999999999824
2024-09-16,56.1407,5.9969,16.6804,0.26139999999998054
2024-09-13,56.9375,6.1868,17.3314,-0.2511000000000081
2024-09-12,53.0558,6.4835,18.2914,-0.924999999999983
2024-09-11,49.6949,6.683,19.5984,-1.6149000000000058
2024-09-10,41.9017,6.4701,20.9542,-2.3793000000000006
2024-09-09,37.6651,6.5194,20.9425,-2.605499999999978
2024-09-06,40.047,6.7058,19.7304,-2.378900000000016
2024-09-05,39.3622,6.6578,18.4252,-1.6681000000000097
2024-09-04,41.3857,6.8715,17.7924,-1.2548999999999921
2024-09-03,47.1517,6.9055,17.2117,-0.8547999999999831
2024-08-30,48.327,6.4782,16.5863,0.06850000000000023
2024-08-29,47.3052,6.6889,17.4114,0.06270000000000664
2024-08-28,50.084,6.8172,18.2999,0.36710000000002196
2024-08-27,50.8039,6.897,19.3017,0.6616000000000213
2024-08-26,55.436,7.1768,20.5114,0.6064000000000078
2024-08-23,54.5089,7.0081,21.7259,0.5789999999999793
2024-08-22,60.0679,7.1856,22.4835,0.02760000000000673
2024-08-21,57.992,7.0591,23.2993,-0.34260000000000446
2024-08-20,58.3711,7.3268,23.4101,-1.4324000000000012
2024-08-19,52.0277,7.3111,23.5294,-2.658799999999985
2024-08-16,49.6129,7.2854,24.5282,-4.0715000000000146
2024-08-15,47.1706,7.5251,26.281,-5.131200000000007
2024-08-14,47.1706,7.5494,27.9268,-6.286900000000003
2024-08-13,42.854,7.6986,28.8433,-6.997600000000006
2024-08-12,39.3859,7.9508,29.4285,-7.841500000000025
2024-08-09,39.5372,8.1962,29.411,-8.360800000000012
2024-08-08,37.0949,8.5282,28.8651,-8.647300000000001
2024-08-07,38.0284,8.5835,28.2773,-9.095999999999975
2024-08-06,38.7403,8.6384,27.598,-8.757499999999993
2024-08-05,26.9582,8.7382,26.9274,-8.351700000000022
2024-08-02,31.9375,8.0785,26.2053,-8.184899999999999
2024-08-01,38.6621,8.2561,26.2358,-7.616600000000005
2024-07-31,42.8349,7.5796,26.2686,-6.784599999999983
2024-07-30,29.4455,6.9963,27.2837,-6.839700000000022
2024-07-29,30.2396,6.946,26.2859,-6.195499999999981
2024-07-26,29.0598,7.0314,25.6555,-5.416500000000013
2024-07-25,31.1696,7.34,24.282,-4.367999999999995
2024-07-24,36.9094,7.2939,22.8028,-2.795899999999989
2024-07-23,38.6115,7.1265,21.8918,-1.3914000000000044
2024-07-22,37.7509,7.4247,21.9773,-0.5323999999999955
2024-07-19,38.1858,7.6019,21.9997,0.38120000000000687
2024-07-18,44.6724,7.7875,21.8553,1.9786000000000001
2024-07-17,50.6425,7.6011,21.9981,3.5622000000000185
2024-07-16,62.6815,6.7874,22.9371,5.158900000000017
2024-07-15,70.1327,6.9018,22.6051,5.276800000000009
2024-07-12,68.3452,6.8973,21.1497,5.11839999999998
2024-07-11,71.7082,6.8663,19.247,4.660599999999988
2024-07-10,68.8857,6.636,17.198,3.974899999999991
2024-07-09,67.39,6.3634,14.847,2.8362999999999943
2024-07-08,65.0167,6.4137,13.0198,2.0400999999999954
2024-07-05,56.4575,6.3647,11.2212,0.8323000000000036
2024-07-03,54.4042,6.0744,9.9009,-0.030000000000001137
2024-07-02,44.5897,6.3301,9.9367,-0.31569999999999254
2024-07-01,50.528,6.2109,10.1104,-0.7173999999999978
2024-06-28,49.0,6.0294,10.8494,-0.545800000000014
2024-06-27,44.2159,5.9516,10.324,-0.778899999999993
2024-06-26,49.002,6.1172,11.0714,-0.786200000000008
2024-06-25,49.1899,6.2231,11.8763,-0.5875000000000057
2024-06-24,47.7882,6.3518,12.635,-0.601300000000009
2024-06-21,50.4244,6.4396,13.0377,-0.6102000000000203
2024-06-20,41.5554,6.5265,13.5117,-0.7125000000000057
2024-06-18,42.9586,6.0909,14.0222,-0.8887
2024-06-17,44.1589,6.1702,13.4398,-0.37259999999997717
2024-06-14,44.7335,6.2221,12.9581,-0.0922999999999945
2024-06-13,46.8862,6.4138,13.1099,0.14160000000001105
2024-06-12,46.7861,6.4956,13.2733,0.41049999999998477
2024-06-11,46.9711,6.7168,13.6998,0.7132000000000005
2024-06-10,48.9479,6.8781,14.0059,1.2195000000000107
2024-06-07,53.2691,6.7718,14.8259,1.7073999999999785
2024-06-06,52.1916,7.0166,14.8875,1.5386000000000024
2024-06-05,48.9099,7.1217,14.9538,1.411800000000028
2024-06-04,49.6284,7.1211,15.4418,1.2916000000000167
2024-06-03,57.7997,7.2106,16.3848,1.748599999999982
2024-05-31,54.1354,6.983,16.9909,1.9440000000000168
2024-05-30,55.4762,6.7947,17.9151,1.8238999999999805
2024-05-29,55.1128,6.9369,18.1646,1.659400000000005
2024-05-28,57.0384,6.8012,18.4737,1.589400000000012
2024-05-24,50.4736,6.5867,18.4021,0.818000000000012
2024-05-23,59.7574,6.5234,19.3661,0.35609999999999786
2024-05-22,57.4621,5.8814,20.4043,0.3651999999999873
2024-05-21,54.4953,5.8757,20.4382,-0.14689999999998804
2024-05-20,56.1482,6.0792,21.0696,-0.7107000000000028
2024-05-17,59.2487,6.2376,21.4748,-1.5899
2024-05-16,52.9588,6.1482,21.9112,-2.4997999999999934
2024-05-15,47.6297,5.9758,22.604,-3.4362000000000137
2024-05-14,41.6966,5.9331,24.0491,-4.2812000000000126
2024-05-13,42.4322,6.0274,24.3899,-4.634600000000006
2024-05-10,45.0429,6.2656,24.9939,-4.753600000000006
2024-05-09,43.8074,6.3584,25.7754,-4.974699999999984
2024-05-08,44.0218,6.5796,26.1771,-5.232500000000016
2024-05-07,46.297,6.8696,26.8563,-5.610500000000002
2024-05-06,43.296,7.0873,27.733,-6.093899999999991
2024-05-03,39.0215,7.1671,28.5,-6.759800000000013
2024-05-02,35.6674,7.3622,28.282,-6.9839999999999804
2024-05-01,37.1918,7.4312,27.4263,-6.716399999999993
2024-04-30,45.9783,6.7536,26.5889,-6.084800000000001
2024-04-29,44.4702,6.9701,27.4948,-6.626800000000003
2024-04-26,39.5793,7.1593,28.1674,-7.4073999999999955
2024-04-25,33.8936,7.3097,28.4627,-8.010999999999996
2024-04-24,38.8336,7.2265,28.0487,-8.294299999999993
2024-04-23,32.8079,7.2417,28.0395,-8.329499999999996
2024-04-22,28.1209,7.4253,27.1075,-8.307299999999998
2024-04-19,30.0328,7.6688,25.2275,-7.788399999999996
2024-04-18,32.361,7.5056,23.2029,-6.809200000000004
2024-04-17,38.3131,7.726,21.6126,-6.3197999999999865
2024-04-16,36.1342,7.5072,20.0455,-5.495200000000011
2024-04-15,37.7076,7.734,19.185,-5.323900000000009
2024-04-12,37.7786,7.892,18.1592,-4.708300000000008
2024-04-11,39.8825,7.8317,17.4064,-4.155399999999986
2024-04-10,39.009,8.0957,17.1914,-4.124200000000002
2024-04-09,41.3472,8.1969,16.7245,-3.6825000000000045
2024-04-08,39.4105,8.4958,16.64,-3.435699999999997
2024-04-05,39.318,8.7771,16.549,-2.981099999999998
2024-04-04,49.7849,8.9053,16.451,-2.41040000000001
2024-04-03,44.8344,8.2542,16.3531,-1.1796999999999969
2024-04-02,46.3568,8.4776,17.6102,-1.1128000000000213
2024-04-01,46.8388,8.4751,18.6827,-0.8004999999999995
2024-03-28,46.3205,8.5624,19.6844,-0.8626000000000147
2024-03-27,46.649,8.8287,21.1037,-0.6392999999999915
2024-03-26,46.3461,9.0594,22.3216,-0.2530999999999892
2024-03-25,41.4685,9.2741,23.7507,0.41840000000001965
2024-03-22,43.8724,9.1567,25.2898,1.1921000000000106
2024-03-21,49.2621,9.4219,27.1693,2.058400000000006
2024-03-20,46.5181,9.3751,28.8872,3.2329999999999757
2024-03-19,47.1979,9.4286,30.9275,4.578199999999981
2024-03-18,53.7309,9.1315,33.1169,6.056600000000003
2024-03-15,48.1677,9.4147,34.1263,6.915600000000012
2024-03-14,53.9287,9.422,35.2134,7.869699999999995
2024-03-13,58.6029,9.1545,36.3841,9.380300000000005
2024-03-12,60.093,9.0848,36.4911,10.384800000000013
2024-03-11,62.1336,9.1237,36.3835,10.704499999999996
2024-03-08,71.5581,9.0032,35.9299,11.401700000000005
2024-03-07,71.2111,8.0265,34.1126,11.209399999999988
2024-03-06,70.4242,8.2124,32.7956,10.3947
2024-03-05,66.3691,8.0994,31.3772,9.280000000000001
2024-03-04,70.5865,8.2448,30.385,8.282199999999989
2024-03-01,67.6134,8.2352,28.5982,6.8648000000000025
2024-02-29,57.709,8.0848,27.1354,5.2327999999999975
2024-02-28,55.1983,7.4405,26.2207,4.102900000000005
2024-02-27,54.9688,7.6736,26.8245,4.229299999999995
2024-02-26,57.332,7.8047,27.4748,4.180399999999992
2024-02-23,59.9075,8.0181,27.7765,4.259700000000009
2024-02-22,54.5804,7.9234,28.1014,4.247099999999989
2024-02-21,46.6264,7.0298,28.4513,3.6255999999999915
2024-02-20,53.6298,7.2721,30.0966,4.5685
2024-02-16,59.9063,6.9184,31.8952,5.562999999999988
2024-02-15,61.7022,6.906,33.0037,5.918599999999998
2024-02-14,57.7569,7.0341,33.7909,5.9920999999999935
2024-02-13,53.4103,7.0214,34.8643,5.801099999999991
2024-02-12,58.1746,6.8791,36.7943,6.2021000000000015
2024-02-09,56.9096,6.8902,37.5738,6.585999999999984
2024-02-08,56.4215,6.9249,38.7208,6.922200000000004
2024-02-07,55.8251,7.1829,40.3651,7.569299999999998
2024-02-06,59.0354,7.3439,42.1358,8.123099999999994
2024-02-05,64.6038,7.2373,44.0428,9.023500000000013
2024-02-02,61.6032,7.1094,45.0329,9.394900000000007
2024-02-01,58.8399,7.0009,45.7023,9.383100000000013
2024-01-31,56.5736,7.1333,47.2737,9.962600000000009
2024-01-30,66.5955,6.9513,48.9659,10.841399999999993
2024-01-29,69.5004,6.7967,49.3156,11.360399999999998
2024-01-26,67.7802,6.9746,48.4648,11.270199999999988
2024-01-25,77.2166,6.9664,47.5485,11.050100000000015
2024-01-24,72.4539,6.9416,45.6625,10.294900000000013
2024-01-23,69.1139,6.5401,43.8296,9.388900000000007
2024-01-22,81.0085,6.6309,42.5021,9.100999999999999
2024-01-19,77.0083,6.3279,41.0726,8.625400000000013
2024-01-18,77.7161,5.8878,39.564,7.27709999999999
2024-01-17,73.301,5.5422,38.3322,6.627199999999988
2024-01-16,66.9548,5.4885,37.7055,5.955900000000014
2024-01-12,64.7219,4.8988,37.1236,5.158100000000019
2024-01-11,65.5732,4.9872,37.8907,5.3049000000000035
2024-01-10,68.2654,4.8562,38.7168,5.266400000000004
2024-01-09,64.6868,4.9044,38.7898,5.087700000000012
2024-01-08,58.839,4.9139,38.9998,4.712500000000006
2024-01-05,54.3427,4.6327,39.5833,4.4783999999999935
2024-01-04,50.892,4.6044,41.1634,4.88839999999999
2024-01-03,53.007,4.674,43.4833,5.602400000000017
2024-01-02,69.2497,4.6613,46.0334,6.5023000000000195
2023-12-29,83.7677,4.2522,47.8773,7.224399999999974
2023-12-28,81.9502,4.2831,46.5382,7.141999999999996
2023-12-27,80.3787,4.2696,45.1549,6.795600000000007
2023-12-26,76.0498,4.3619,44.0833,6.5283000000000015
2023-12-22,77.4487,4.3705,43.2108,6.363100000000003
2023-12-21,75.0128,4.5228,42.6905,6.4476999999999975
2023-12-20,77.8839,4.5238,42.2328,6.430199999999999
2023-12-19,77.4837,4.5041,41.795,6.766400000000019
2023-12-18,79.2803,4.4725,40.0157,6.62060000000001
2023-12-15,80.3843,4.6519,38.479,6.465500000000006
2023-12-14,79.9427,4.7297,36.8241,6.14800000000001
2023-12-13,79.3111,4.6247,35.042,5.770600000000002
2023-12-12,74.7142,4.7336,33.3865,5.1854999999999905
2023-12-11,73.0727,4.4831,31.6037,4.422299999999993
2023-12-08,72.0561,4.3056,30.2229,3.709600000000009
2023-12-07,60.028,4.3207,29.2892,3.305099999999996
2023-12-06,59.8539,3.7407,28.6486,2.7967000000000013
2023-12-05,53.3835,3.5322,29.104,3.2830999999999904
2023-12-04,59.7469,3.6408,30.7645,3.697400000000002
2023-12-01,60.1197,3.5347,32.5527,4.152999999999992
2023-11-30,72.11,3.5947,33.6709,4.386899999999997
2023-11-29,73.4595,3.5328,34.4965,4.645200000000003
2023-11-28,70.7081,3.5187,33.7474,4.633299999999991
2023-11-27,71.0157,3.6463,33.6031,4.738199999999992
2023-11-24,70.9636,3.7639,32.9652,4.73790000000001
2023-11-22,68.2742,3.9219,32.4069,4.703299999999999
2023-11-21,69.8727,3.7926,31.8056,4.570399999999992
2023-11-20,70.3258,3.8082,32.031,4.6751000000000005
2023-11-17,69.093,3.9581,31.2777,4.499799999999993
2023-11-16,66.0812,4.0572,30.5543,4.303100000000001
2023-11-15,75.4235,4.0373,29.9246,4.069699999999997
2023-11-14,74.5844,4.0617,29.0476,3.8991999999999933
2023-11-13,73.2092,3.9649,27.0489,3.4332999999999885
2023-11-10,68.5773,4.0637,25.4199,3.1033999999999935
2023-11-09,68.2515,3.8986,23.6657,2.4539999999999935
2023-11-08,67.5846,3.987,22.4681,2.1085999999999956
2023-11-07,65.4978,4.1062,21.276,1.6267999999999887
2023-11-06,67.2583,4.1582,20.1206,1.0024999999999977
2023-11-03,62.8046,4.2581,19.1826,0.36420000000001096
2023-11-02,61.3039,4.158,18.1725,-0.506699999999995
2023-11-01,42.892,4.2089,17.9098,-1.1607999999999947
2023-10-31,35.8008,3.7904,17.9202,-2.000399999999999
2023-10-30,35.4995,3.7167,17.4719,-2.071399999999997
2023-10-27,34.4776,3.8226,16.0546,-1.895700000000005
2023-10-26,34.7634,3.8336,14.5284,-1.669399999999996
2023-10-25,42.3669,3.7896,12.8847,-1.0752000000000095
2023-10-24,43.4629,3.5857,11.6229,-0.5439999999999969
2023-10-23,43.07,3.6762,11.522,-0.4298000000000002
2023-10-20,45.8165,3.7201,11.4134,-0.10859999999999559
2023-10-19,48.8301,3.7832,12.058,0.11939999999999884
2023-10-18,47.9364,3.785,12.9035,0.3487999999999971
2023-10-17,48.2274,3.8146,13.5018,0.6599000000000075
2023-10-16,51.6485,3.7388,14.1462,0.7449000000000012
2023-10-13,58.2396,3.8379,14.4179,0.7082999999999942
2023-10-12,57.853,3.8085,14.7106,0.7907000000000011
2023-10-11,59.3634,3.8092,13.8966,0.5075000000000074
2023-10-10,57.0413,3.8584,13.3481,0.18760000000000332
2023-10-09,54.8946,3.869,12.7575,-0.2944999999999993
2023-10-06,48.7026,3.9728,12.9057,-0.6981000000000108
2023-10-05,50.7966,3.8291,13.0654,-1.2305000000000064
2023-10-04,46.0285,3.8314,13.5617,-1.4512
2023-10-03,47.8189,3.7938,14.1183,-1.8299999999999983
2023-10-02,48.4504,3.7687,14.3281,-1.8804999999999978
2023-09-29,52.295,3.904,15.3183,-2.2424999999999926
2023-09-28,40.3277,4.0212,16.3304,-2.6260000000000048
2023-09-27,37.9286,3.8352,17.5255,-3.071300000000008
2023-09-26,37.2594,3.8786,17.0131,-3.1173999999999893
2023-09-25,36.1609,3.9801,15.8439,-2.9161
2023-09-22,37.2284,4.0562,14.4162,-2.7612999999999914
2023-09-21,39.0838,4.1521,13.1251,-2.403400000000005
2023-09-20,43.6,4.1253,11.783,-1.9024999999999892
2023-09-19,42.6008,4.1611,11.3851,-1.6662000000000035
2023-09-18,41.1161,4.3152,10.5389,-1.4694999999999965
2023-09-15,47.5328,4.3748,9.6276,-1.2746000000000066
2023-09-14,50.8416,4.2898,9.0798,-0.9176999999999964
2023-09-13,45.908,4.3946,9.6405,-0.9722000000000008
2023-09-12,44.5104,4.4318,10.3759,-1.1373999999999995
2023-09-11,48.5413,4.4989,10.5202,-1.087600000000009
2023-09-08,48.1282,4.4981,10.6756,-1.0091000000000037
2023-09-07,46.9485,4.5374,11.3529,-0.9725999999999999
2023-09-06,52.5191,4.5641,11.7285,-0.9628000000000014
2023-09-05,50.598,4.6759,12.141,-1.2102000000000004
2023-09-01,48.0981,4.611,12.5852,-1.6611000000000047
2023-08-31,47.0912,4.6319,13.5295,-2.0771000000000015
2023-08-30,46.1475,4.742,13.9189,-2.1980000000000075
2023-08-29,42.1441,4.8629,14.2135,-2.4088999999999885
2023-08-28,43.3812,4.8693,14.1858,-2.574799999999996
2023-08-25,40.6389,4.9996,13.3267,-2.4120999999999952
2023-08-24,50.3627,5.035,12.4015,-2.1327
2023-08-23,43.4991,4.5939,11.6562,-1.6992999999999938
2023-08-22,47.7488,4.5565,11.7479,-1.8981999999999886
2023-08-21,43.3646,4.5324,11.7427,-1.740700000000004
2023-08-18,37.5903,4.6433,11.4047,-1.7749000000000024
2023-08-17,43.2097,4.6628,10.3147,-1.5108000000000033
2023-08-16,46.2426,4.733,9.5979,-1.0488
2023-08-15,48.6922,4.7609,9.424,-0.7239999999999895
2023-08-14,40.6575,4.8956,9.9858,-0.7224000000000075
2023-08-11,43.1735,4.7668,10.2783,-0.7740000000000009
2023-08-10,46.2757,4.845,9.7787,-0.3795999999999964
2023-08-09,48.3702,4.8777,9.9113,-0.1413999999999902
2023-08-08,51.1415,4.9106,9.8491,0.1402000000000072
2023-08-07,53.0982,4.873,10.3907,0.21649999999999636
2023-08-04,50.7832,4.9717,10.312,-0.05369999999999209
2023-08-03,43.114,4.9157,10.2798,-0.29710000000000036
2023-08-02,59.532,4.8315,10.9487,-0.33150000000000546
2023-08-01,50.9205,4.2708,11.669,0.01630000000000109
2023-07-31,50.7343,4.2124,11.0632,-0.37999999999999545
2023-07-28,49.3429,4.3572,11.2633,-0.5544999999999902
2023-07-27,46.4816,4.4032,11.4513,-0.6226000000000056
2023-07-26,46.6664,4.358,11.6537,-0.5108999999999924
2023-07-25,45.3729,4.4087,12.5295,-0.2583000000000055
2023-07-24,44.5243,4.4832,13.0287,-0.22820000000000107
2023-07-21,44.962,4.6157,13.8142,0.05679999999999552
2023-07-20,50.1355,4.7585,14.8494,0.3850999999999942
2023-07-19,60.3877,4.5714,15.9642,0.8697999999999979
2023-07-18,55.3758,4.4523,15.4761,0.8464999999999918
2023-07-17,53.0209,4.5457,15.6464,0.6517999999999944
2023-07-14,53.3806,4.4254,15.8297,0.35419999999999163
2023-07-13,52.8268,4.2374,15.2891,0.21129999999999427
2023-07-12,48.8797,4.3645,16.0631,0.028099999999994907
2023-07-11,47.1189,4.3864,17.0995,-0.06990000000000407
2023-07-10,48.82,4.4099,18.0294,0.13809999999999434
2023-07-07,50.2792,4.4622,19.1267,0.17139999999999134
2023-07-06,47.6621,4.6293,20.0548,0.25319999999999254
2023-07-05,52.6214,4.7054,21.4378,0.3222999999999985
2023-07-03,51.529,4.7745,21.9104,0.3579999999999899
2023-06-30,49.0577,4.9249,22.632,0.2079000000000093
2023-06-29,47.9411,5.0383,23.8874,0.20780000000000598
2023-06-28,43.3336,5.2013,25.7192,0.4765000000000015
2023-06-27,43.664,5.2822,27.4541,0.921599999999998
2023-06-26,45.845,5.3893,29.1199,1.453800000000001
2023-06-23,44.0609,5.3923,30.9394,2.4051000000000045
2023-06-22,46.6083,5.5274,32.5639,3.3297999999999917
2023-06-21,52.6303,5.6334,34.7798,4.391500000000008
2023-06-20,53.244,5.4883,37.3747,5.539099999999991
2023-06-16,60.6113,5.599,38.7595,6.2287000000000035
2023-06-15,60.2855,5.572,39.6495,6.901399999999995
2023-06-14,61.5329,5.6106,39.9254,7.236000000000004
2023-06-13,68.2258,5.741,39.7573,7.243200000000002
2023-06-12,65.9722,5.3842,39.5763,7.432199999999995
2023-06-09,62.7789,5.3706,38.1985,7.090799999999987
2023-06-08,58.9686,5.3068,37.0073,6.986699999999999
2023-06-07,65.7585,5.3181,36.2557,7.1462999999999965
2023-06-06,61.3482,5.0911,35.44,7.573700000000002
2023-06-05,60.3239,4.9688,34.6598,7.357600000000005
2023-06-02,65.3956,5.128,34.4107,7.616200000000006
2023-06-01,62.9926,5.2159,33.7887,7.842500000000001
2023-05-31,69.6516,5.2571,33.1608,7.853499999999997
2023-05-30,82.2314,5.0915,32.1569,7.8814000000000135
2023-05-26,78.6725,4.9232,29.4696,7.083699999999993
2023-05-25,75.7497,4.7573,26.7923,5.783299999999997
2023-05-24,66.3397,4.1678,24.4304,4.7194999999999965
2023-05-23,69.1332,4.2369,23.3413,4.522999999999996
2023-05-22,66.481,4.2705,21.5557,4.221800000000002
2023-05-19,70.1391,4.1915,19.9697,3.7879999999999967
2023-05-18,67.809,4.2593,18.5051,3.401200000000003
2023-05-17,65.5093,4.2523,16.9279,2.6432000000000073
2023-05-16,60.2057,4.2648,15.8971,2.062999999999988
2023-05-15,57.1612,4.1336,14.9454,1.5234999999999985
2023-05-12,60.3523,4.1454,15.1865,1.2280999999999977
2023-05-11,63.0075,4.1743,15.3735,1.0512000000000086
2023-05-10,60.9168,4.2608,14.7806,0.6225999999999914
2023-05-09,59.0204,4.2132,14.142,0.0747999999999962
2023-05-08,52.1097,4.3271,14.2715,-0.42600000000000193
2023-05-05,43.0023,4.1611,14.5282,-1.0570000000000022
2023-05-04,35.1719,4.0424,15.107,-1.3173999999999921
2023-05-03,37.9614,3.5433,15.7304,-1.3018
2023-05-02,48.4248,3.132,14.2853,-0.7549000000000063
2023-05-01,52.392,3.1933,14.6415,-0.8900000000000006
2023-04-28,42.0551,3.2521,15.1984,-1.027000000000001
2023-04-27,40.2217,3.2476,15.2618,-1.1543999999999954
2023-04-26,40.4164,3.2301,14.3296,-1.1037000000000035
2023-04-25,41.1374,3.2055,13.6787,-0.870199999999997
2023-04-24,43.3661,3.159,12.8453,-0.3415999999999997
2023-04-21,46.6436,3.2251,12.709,-0.04579999999999984
2023-04-20,44.3922,3.3151,13.1404,0.2447999999999979
2023-04-19,43.6792,3.3509,13.8426,0.4410000000000025
2023-04-18,49.476,3.4302,14.1995,0.7025000000000006
2023-04-17,46.5435,3.4764,14.9475,1.0422999999999973
2023-04-14,49.6251,3.4784,15.2032,1.4515999999999991
2023-04-13,51.5589,3.556,16.1928,1.7616000000000014
2023-04-12,56.123,3.7272,17.1474,2.096999999999994
2023-04-11,58.5285,3.7632,18.1754,2.4701999999999913
2023-04-10,49.8486,3.7926,18.9619,2.737399999999994
2023-04-06,50.1571,3.7171,19.8862,2.8910000000000053
2023-04-05,56.3771,3.8265,21.1006,3.3515999999999906
2023-04-04,63.1659,3.7739,22.6234,3.8815000000000026
2023-04-03,62.6327,3.9057,23.2198,4.1644000000000005
2023-03-31,62.1056,3.96,23.9888,4.394499999999994
2023-03-30,66.1581,4.0269,24.6644,4.4769000000000005
2023-03-29,63.5934,4.0721,24.7251,4.530000000000001
2023-03-28,65.259,4.2045,25.3871,4.714100000000002
2023-03-27,68.2219,4.2149,26.1,5.0364
2023-03-24,70.9997,4.2695,26.0308,5.165800000000004
2023-03-23,73.0717,4.3256,25.4983,5.11930000000001
2023-03-22,68.795,4.2853,24.2264,4.748199999999997
2023-03-21,72.0554,4.1488,22.9662,4.4805999999999955
2023-03-20,71.4028,4.0199,21.952,4.241700000000009
2023-03-17,72.208,3.9491,21.2796,3.7856000000000023
2023-03-16,65.1785,4.0364,19.4947,3.0435000000000088
2023-03-15,61.3165,3.7569,17.8765,2.178200000000004
2023-03-14,56.6219,3.7225,17.2865,1.7467000000000041
2023-03-13,52.7018,3.5249,17.1433,1.3977000000000004
2023-03-10,59.4399,3.3872,18.2466,1.4856999999999942
2023-03-09,61.38,3.354,18.2443,1.509200000000007
2023-03-08,57.4481,3.2873,17.3643,1.3787999999999982
2023-03-07,54.488,3.2587,16.9727,1.055899999999994
2023-03-06,56.526,3.1874,16.8192,0.9602000000000004
2023-03-03,53.8016,3.2589,17.1263,0.9210000000000065
2023-03-02,48.6097,3.3334,18.006,0.8208999999999946
2023-03-01,50.4322,3.2614,19.196,0.7911000000000001
2023-02-28,49.2089,3.3272,20.0286,0.9603000000000037
2023-02-27,52.3365,3.3739,20.9701,1.1329999999999956
2023-02-24,49.1269,3.4773,21.5977,1.3174999999999955
2023-02-23,54.3009,3.5286,22.6344,1.6030999999999977
2023-02-22,47.7341,3.4016,23.4125,1.7751999999999981
2023-02-21,48.1158,3.4932,25.1274,2.288899999999998
2023-02-17,52.4537,3.6042,26.9835,2.894900000000007
2023-02-16,59.3026,3.673,28.7048,3.450100000000006
2023-02-15,64.1836,3.561,29.6971,3.947800000000001
2023-02-14,60.7912,3.6326,29.5364,4.006200000000007
2023-02-13,59.0974,3.5722,29.3633,3.9442000000000093
2023-02-10,60.6475,3.597,29.5965,4.094700000000003
2023-02-09,69.0307,3.6629,30.162,4.395200000000003
2023-02-08,69.0307,3.6439,29.9321,4.538799999999995
2023-02-07,67.3392,3.658,28.9795,4.505400000000009
2023-02-06,68.0248,3.6525,28.2512,4.27300000000001
2023-02-03,72.5022,3.6984,27.1933,4.141199999999998
2023-02-02,70.3885,3.7543,24.9961,3.6672999999999973
2023-02-01,64.0788,3.6016,22.6299,2.783200000000008
2023-01-31,54.4655,3.084,20.5059,1.9878999999999962
2023-01-30,59.1266,3.0774,20.2257,1.9102000000000032
2023-01-27,58.2337,3.0834,20.0829,2.058099999999996
2023-01-26,65.2239,3.0706,19.4427,1.9164999999999992
2023-01-25,59.4065,3.0914,18.3965,1.7323999999999984
2023-01-24,61.6682,3.0961,17.7373,1.497700000000009
2023-01-23,59.0723,3.0951,16.4348,1.1976000000000084
2023-01-20,50.462,2.8316,15.0322,0.6110000000000042
2023-01-19,52.8245,2.8433,15.2334,0.511099999999999
2023-01-18,60.7474,2.8108,15.7521,0.6163000000000096
2023-01-17,58.7636,2.8517,14.7954,0.45470000000000255
2023-01-13,56.6691,2.9166,13.6859,0.13369999999999038
2023-01-12,57.2723,2.9971,12.9396,-0.21770000000000778
2023-01-11,53.9476,2.8838,12.1358,-0.6427000000000049
2023-01-10,50.2689,2.9588,12.034,-0.9988000000000028
2023-01-09,49.2847,3.0641,12.2511,-1.3357999999999919
2023-01-06,42.0015,2.8874,12.485,-1.664199999999994
2023-01-05,43.9155,2.7826,12.2201,-1.7250000000000085
2023-01-04,45.5455,2.8151,12.7773,-1.611699999999999
2023-01-03,47.4663,2.8409,13.7234,-1.680800000000005
2022-12-30,42.4335,2.8064,14.6263,-1.6794999999999902
2022-12-29,42.1215,2.8933,15.0433,-1.729600000000005
2022-12-28,39.6586,2.9151,15.4923,-1.7735000000000127
2022-12-27,41.6579,3.0178,15.2615,-1.5748000000000104
2022-12-23,40.0544,3.1307,15.3334,-1.3693999999999988
2022-12-22,44.492,3.2223,15.4109,-1.2145999999999901
2022-12-21,43.2134,3.0532,15.4943,-0.9322000000000088
2022-12-20,39.9115,3.0731,16.4789,-0.9470999999999918
2022-12-19,41.7471,3.1141,16.8868,-0.6846999999999923
2022-12-16,43.283,3.209,17.1499,-0.29289999999998884
2022-12-15,45.1304,3.2721,17.7423,0.1280000000000001
2022-12-14,49.998,3.3076,18.7641,0.5493000000000023
2022-12-13,56.7283,3.2789,19.8653,0.834699999999998
2022-12-12,45.855,3.1812,20.2365,0.9098000000000042
2022-12-09,47.519,3.1843,21.4892,1.0922999999999945
2022-12-08,48.6405,3.2639,23.0959,1.5211000000000041
2022-12-07,47.562,3.3438,24.6575,1.8549000000000007
2022-12-06,53.6497,3.4403,26.2447,2.287400000000005
2022-12-05,56.4068,3.3803,27.9157,2.7931000000000097
2022-12-02,57.3631,3.4595,28.5507,3.0567999999999955
2022-12-01,63.7808,3.4311,28.9241,3.2102999999999895
2022-11-30,57.0299,3.4804,28.2061,3.1051999999999964
2022-11-29,57.5145,3.3722,27.7357,2.910499999999999
2022-11-28,57.876,3.5,27.9458,3.051400000000001
2022-11-25,61.3834,3.5462,28.1721,3.2072000000000003
2022-11-23,61.1719,3.692,27.5449,3.160899999999998
2022-11-22,57.876,3.7476,26.642,2.9274000000000058
2022-11-21,57.2557,3.7881,26.2221,2.704100000000011
2022-11-18,62.0108,3.9256,26.2822,2.6636000000000024
2022-11-17,56.7513,3.9838,26.1133,2.4603000000000037
2022-11-16,62.2426,3.9656,26.1354,2.131299999999996
2022-11-15,69.5179,3.9287,25.5122,1.8027000000000015
2022-11-14,67.5232,3.7978,23.4085,0.9832999999999998
2022-11-11,60.9656,3.8684,21.7597,0.21240000000000236
2022-11-10,52.6554,3.7791,20.3429,-0.6567000000000007
2022-11-09,48.7817,3.3867,19.8542,-1.3591999999999942
2022-11-08,52.3452,3.3357,21.3733,-1.3654999999999973
2022-11-07,50.1794,3.3929,21.6459,-1.7539000000000016
2022-11-04,49.3876,3.49,22.5765,-2.145799999999994
2022-11-03,40.4097,3.5362,23.8287,-2.524099999999997
2022-11-02,49.4896,3.4813,25.5195,-2.7583999999999946
2022-11-01,45.9991,3.3367,27.0724,-2.866800000000005
2022-10-31,44.2638,3.3961,28.6272,-3.0682000000000045
2022-10-28,40.2622,3.4662,30.2352,-3.3212000000000046
2022-10-27,44.7861,3.4444,31.9669,-3.7945999999999955
2022-10-26,40.0037,3.3855,33.8319,-3.9964000000000013
2022-10-25,37.5721,3.4443,35.4292,-4.310899999999997
2022-10-24,37.0728,3.4566,37.1493,-4.826699999999995
2022-10-21,33.6491,3.5425,37.6566,-5.132800000000003
2022-10-20,33.9721,3.5688,38.159,-5.461099999999995
2022-10-19,33.6357,3.6149,39.1365,-5.693800000000003
2022-10-18,36.7335,3.7032,39.6533,-5.853100000000005
2022-10-17,30.8795,3.6734,40.2099,-6.04140000000001
2022-10-14,33.4018,3.7583,39.905,-6.1980000000000075
2022-10-13,22.7811,3.7316,39.5766,-6.101999999999997
2022-10-12,24.4971,3.5902,39.2229,-6.196200000000005
2022-10-11,23.8346,3.7125,38.0668,-6.115300000000005
2022-10-10,23.9158,3.7777,36.8217,-5.9007000000000005
2022-10-07,30.3472,3.8768,35.5102,-5.559399999999997
2022-10-06,35.3694,3.4342,34.3225,-5.106899999999996
2022-10-05,31.9956,3.4962,34.5776,-5.413200000000003
2022-10-04,34.2641,3.4439,34.1634,-5.7346
2022-10-03,22.7266,3.4727,34.298,-6.057299999999998
2022-09-30,19.8287,3.4668,33.3844,-6.198899999999995
2022-09-29,23.2099,3.5357,31.9012,-6.009500000000003
2022-09-28,23.072,3.3823,30.304,-5.759600000000006
2022-09-27,23.8574,3.4704,29.1904,-5.786699999999996
2022-09-26,23.7659,3.5235,27.9829,-5.6159000000000106
2022-09-23,23.8813,3.603,26.7237,-5.227599999999995
2022-09-22,30.0174,3.6741,25.458,-4.8248999999999995
2022-09-21,32.0214,3.5483,24.4773,-4.3977
2022-09-20,32.8722,3.5166,24.4836,-4.295400000000001
2022-09-19,31.0525,3.6303,23.7487,-4.180899999999994
2022-09-16,31.3153,3.7564,23.0838,-4.128600000000006
2022-09-15,32.4458,3.8808,22.1656,-3.9753000000000043
2022-09-14,32.9439,3.9435,21.217,-3.737099999999998
2022-09-13,37.413,4.0769,20.3621,-3.4591000000000065
2022-09-12,42.9334,3.7874,19.6001,-3.0113000000000056
2022-09-09,41.1718,3.9257,20.1443,-3.1706999999999965
2022-09-08,32.1222,4.0046,20.8223,-3.410499999999999
2022-09-07,30.1517,3.9888,20.8635,-3.3952000000000027
2022-09-06,31.4055,4.1025,19.797,-3.003399999999999
2022-09-02,34.7357,4.2244,18.7615,-2.3689999999999998
2022-09-01,32.517,4.2536,17.9017,-1.6798000000000002
2022-08-31,37.2928,4.0923,16.6788,-0.9883000000000095
2022-08-30,42.9064,4.1595,16.3342,-0.3499999999999943
2022-08-29,42.8958,4.1094,16.3176,0.25900000000000034
2022-08-26,54.6154,4.2001,16.9961,0.8747000000000043
2022-08-25,47.9494,4.0248,18.1014,1.3741000000000128
2022-08-24,45.7656,3.9621,18.6812,1.3803999999999945
2022-08-23,46.1133,4.0761,19.7267,1.8216000000000037
2022-08-22,50.0568,4.2104,21.2121,2.3827
2022-08-19,60.2149,4.2581,22.8028,3.028500000000008
2022-08-18,58.5122,4.1356,23.8524,3.4920999999999935
2022-08-17,62.5767,4.1202,24.2863,3.575800000000001
2022-08-16,67.074,4.1699,25.0943,3.851699999999994
2022-08-15,66.6014,4.2499,25.4444,3.9512
2022-08-12,64.7725,4.4191,25.3212,3.9383000000000123
2022-08-11,66.6688,4.5067,25.2753,3.882799999999989
2022-08-10,64.7246,4.5173,25.2258,4.031600000000012
2022-08-09,64.0671,4.5717,25.7328,4.067999999999998
2022-08-08,69.1153,4.431,26.5355,4.412599999999998
2022-08-05,71.5724,4.4396,26.1188,4.327300000000008
2022-08-04,67.7555,4.5557,24.6312,3.927199999999999
2022-08-03,64.4191,4.3423,23.0292,3.1966000000000037
2022-08-02,66.5258,4.2401,22.1742,2.8101000000000056
2022-08-01,66.3866,4.139,20.6231,2.1536999999999864
2022-07-29,60.1102,4.1166,19.3505,1.5401000000000096
2022-07-28,59.703,4.1063,18.6273,0.9698999999999955
2022-07-27,54.4368,4.143,18.3903,0.5130000000000052
2022-07-26,54.5511,4.0487,18.4971,0.11079999999999757
2022-07-25,53.9071,4.1263,19.3229,0.06099999999999284
2022-07-22,60.6435,4.2145,20.088,-0.23639999999998906
2022-07-21,59.8739,4.2272,20.3256,-0.669700000000006
2022-07-20,54.015,4.2939,20.2086,-1.5174999999999983
2022-07-19,49.7596,4.2519,20.4266,-2.4085000000000036
2022-07-18,48.8403,4.1959,21.4655,-3.1492000000000075
2022-07-15,43.901,4.2471,23.0815,-3.5956000000000046
2022-07-14,41.8335,4.3199,23.9585,-4.080700000000007
2022-07-13,35.3963,4.4022,24.2807,-4.3847999999999985
2022-07-12,37.8052,4.3847,24.583,-4.59920000000001
2022-07-11,38.8461,4.4905,24.3829,-4.687999999999988
2022-07-08,39.3875,4.566,24.4287,-4.793000000000006
2022-07-07,37.4465,4.6811,24.7725,-5.101799999999997
2022-07-06,33.8756,4.6843,25.0082,-5.416699999999992
2022-07-05,27.8509,4.8346,24.1684,-5.337600000000009
2022-07-01,30.4382,4.9288,22.9263,-5.143600000000006
2022-06-30,32.6765,5.0172,21.7333,-4.665499999999994
2022-06-29,34.3541,5.1392,20.832,-4.272499999999994
2022-06-28,40.9635,5.2061,20.0075,-3.8633999999999986
2022-06-27,43.0157,5.122,19.7103,-3.5692000000000093
2022-06-24,36.1649,5.2875,20.2507,-3.6895999999999987
2022-06-23,36.9864,5.3019,20.66,-3.8833999999999946
2022-06-22,37.0744,5.3878,20.2938,-3.6006
2022-06-21,36.6958,5.5658,20.4224,-3.321799999999996
2022-06-17,33.4975,5.6677,20.4167,-2.921599999999998
2022-06-16,37.4358,5.8337,19.6643,-2.142300000000006
2022-06-15,38.6425,5.6163,19.0289,-1.165300000000002
2022-06-14,37.9257,5.6891,19.2366,-0.6396000000000015
2022-06-13,41.4597,5.936,18.798,0.27590000000000714
2022-06-10,49.9461,5.7634,18.4556,1.4403000000000077
2022-06-09,53.6557,5.7699,19.5079,2.108400000000003
2022-06-08,58.0211,5.8138,20.2633,2.5253000000000014
2022-06-07,57.6694,5.8427,20.6096,2.7049999999999983
2022-06-06,63.7249,6.0129,20.3356,2.550900000000013
2022-06-03,61.4193,6.0643,19.543,2.2794000000000096
2022-06-02,56.1608,6.1661,18.5597,1.8335000000000008
2022-06-01,58.1396,5.9697,17.5009,1.0046000000000106
2022-05-31,58.5654,6.1196,17.3165,0.6822999999999979
2022-05-27,56.2966,6.2435,16.9862,0.19599999999999795
2022-05-26,45.684,6.443,17.0032,-0.4682999999999993
2022-05-25,44.38,6.2009,17.3962,-0.9521000000000015
2022-05-24,46.7912,6.3417,18.2708,-0.9346000000000032
2022-05-23,45.6503,6.4103,19.0987,-0.7469999999999999
2022-05-20,53.8425,6.575,20.2551,-0.8948000000000036
2022-05-19,51.8189,6.2823,21.5005,-0.9106000000000023
2022-05-18,56.2941,6.3347,21.9697,-1.2402000000000015
2022-05-17,53.9277,6.1674,22.3205,-1.603200000000001
2022-05-16,49.0724,5.9526,22.246,-2.673500000000004
2022-05-13,41.1008,6.019,23.0307,-3.1625000000000085
2022-05-12,38.3616,5.7505,24.1818,-3.8305000000000007
2022-05-11,39.6093,5.7867,24.7758,-3.806699999999992
2022-05-10,40.9456,5.6988,26.1352,-3.808400000000006
2022-05-09,44.8058,5.7246,26.8266,-3.837699999999998
2022-05-06,46.4328,5.3989,27.5711,-3.5781000000000063
2022-05-05,50.2338,5.3888,29.2273,-4.1089000000000055
2022-05-04,50.8528,5.2456,31.0997,-4.576999999999998
2022-05-03,40.0773,4.9906,33.1162,-5.6728999999999985
2022-05-02,33.2317,5.1284,33.8119,-6.145200000000003
2022-04-29,35.374,5.1344,33.8478,-6.5271999999999935
2022-04-28,33.0652,5.0363,33.8981,-6.47999999999999
2022-04-27,28.9309,4.9775,33.4977,-6.74499999999999
2022-04-26,33.2583,5.062,31.9923,-6.503599999999992
2022-04-25,33.3596,5.0198,30.5094,-6.1263000000000005
2022-04-22,33.4937,5.1575,29.4157,-6.118600000000001
2022-04-21,37.7479,5.2831,28.2379,-5.7601999999999975
2022-04-20,40.2265,5.1518,27.1595,-5.393000000000001
2022-04-19,33.4851,5.1858,26.6386,-5.270600000000002
2022-04-18,31.2967,5.2593,25.7765,-5.3339
2022-04-14,36.5166,5.3931,24.1508,-5.027600000000007
2022-04-13,31.3697,5.3871,22.5742,-4.4791000000000025
2022-04-12,34.2964,5.5231,21.1262,-4.190200000000004
2022-04-11,34.0007,5.5641,19.5668,-3.491799999999998
2022-04-08,37.396,5.6029,18.0648,-2.7807999999999993
2022-04-07,38.6898,5.78,17.0994,-2.202300000000008
2022-04-06,39.1627,5.8916,16.1362,-1.7090000000000032
2022-04-05,44.1074,5.9518,15.2194,-1.049199999999999
2022-04-04,44.3907,6.065,14.9294,-0.5127999999999986
2022-04-01,44.8697,6.2308,14.7862,-0.19819999999999993
2022-03-31,50.6731,6.301,14.6321,0.4444000000000017
2022-03-30,58.8292,6.0011,14.9455,1.140900000000002
2022-03-29,58.1224,5.9181,14.8737,1.0074999999999932
2022-03-28,53.6717,6.0564,15.1818,0.4141999999999939
2022-03-25,56.3617,6.2377,16.2175,-0.04460000000000264
2022-03-24,51.2906,6.3985,17.208,-0.5715000000000003
2022-03-23,50.5693,6.3646,18.4512,-1.3233000000000033
2022-03-22,51.7807,6.4434,19.3096,-1.5906000000000091
2022-03-21,50.1264,6.6206,20.5446,-1.9961999999999875
2022-03-18,47.7263,6.7429,21.7977,-2.6008999999999958
2022-03-17,48.4869,6.9247,22.6118,-3.0845000000000056
2022-03-16,48.0037,7.022,23.354,-3.476699999999994
2022-03-15,39.2443,7.0936,24.1801,-4.301200000000009
2022-03-14,39.4722,7.0316,23.9077,-4.676199999999994
2022-03-11,43.0919,7.2495,22.562,-4.365899999999996
2022-03-10,43.6414,7.491,21.4414,-4.114099999999993
2022-03-09,43.2168,7.4533,20.2345,-3.9536999999999978
2022-03-08,38.17,7.5513,19.3448,-4.159000000000006
2022-03-07,41.6839,7.3768,17.9896,-3.7982999999999976
2022-03-04,43.9637,7.4281,16.8126,-3.019999999999996
2022-03-03,48.2968,7.5233,15.984,-2.5387000000000057
2022-03-02,46.1585,7.5459,15.6051,-2.2509000000000015
2022-03-01,51.2325,7.6517,15.4879,-2.492199999999997
2022-02-28,49.7213,7.4295,15.3616,-2.3109000000000037
2022-02-25,47.3593,7.5849,16.0679,-3.0142999999999915
2022-02-24,36.2323,7.7693,16.2627,-3.63600000000001
2022-02-23,45.2913,7.39,15.6997,-3.923500000000004
2022-02-22,43.0998,7.2192,15.6888,-3.535999999999987
2022-02-18,41.7052,7.3445,16.3166,-3.5896000000000043
2022-02-17,43.407,7.4676,16.3552,-3.4206000000000074
2022-02-16,45.4426,7.6243,16.7203,-3.0063999999999993
2022-02-15,43.8114,7.6531,17.3847,-2.975699999999989
2022-02-14,42.3662,7.6564,18.119,-3.278100000000009
2022-02-11,49.9085,7.8461,18.3637,-2.8833000000000055
2022-02-10,52.0959,7.2681,18.6271,-2.2265000000000015
2022-02-09,52.6996,7.1934,19.5008,-2.6376999999999953
2022-02-08,47.3137,7.3382,19.9377,-3.845100000000002
2022-02-07,48.1456,7.3908,20.9798,-4.859700000000004
2022-02-04,45.7274,7.5866,22.2509,-5.619900000000001
2022-02-03,45.7128,7.6795,23.9377,-6.501100000000008
2022-02-02,51.9193,7.766,25.7723,-7.173100000000005
2022-02-01,41.854,7.3419,27.5133,-8.199100000000001
2022-01-31,33.1286,7.5582,28.0243,-8.7808
2022-01-28,25.6328,7.4419,28.0538,-9.137799999999999
2022-01-27,30.8766,7.5489,26.2555,-8.543099999999995
2022-01-26,32.4084,7.2981,24.5167,-7.390999999999991
2022-01-25,31.863,7.2033,23.2168,-6.638900000000007
2022-01-24,32.5679,7.2444,21.2772,-5.625
2022-01-21,35.2046,6.9316,19.1883,-4.798900000000003
2022-01-20,38.8389,6.9548,17.925,-3.9069000000000074
2022-01-19,44.2367,6.9437,16.9034,-3.025100000000009
2022-01-18,44.9708,6.9739,16.6576,-2.5053000000000054
2022-01-14,42.3329,7.1035,16.9346,-2.177899999999994
2022-01-13,48.2421,7.2214,17.2329,-2.2324000000000126
2022-01-12,47.4922,7.0508,17.6087,-1.8480000000000132
2022-01-11,42.8767,7.2239,18.5909,-1.8120999999999867
2022-01-10,38.6126,7.2104,19.3843,-1.7236000000000047
2022-01-07,43.5909,7.1965,19.032,-1.0449999999999875
2022-01-06,43.5063,7.2647,19.4875,-0.1634999999999991
2022-01-05,48.4719,7.3443,20.0723,0.5332000000000221
2022-01-04,55.7852,7.207,21.2282,1.4227999999999952
2022-01-03,50.8485,6.8598,22.3394,1.6955999999999847
